[
  { "id": "alexandria-botany", "streetAddress": "Botany Road", "suburb": "Alexandria", "postcode": "2015", "inCityLga": true, "specialPrecinct": null, "footpathZone": "local" },
  { "id": "annandale-booth", "streetAddress": "Booth Street", "suburb": "Annandale", "postcode": "2038", "inCityLga": true, "specialPrecinct": null, "footpathZone": "local" },
  { "id": "barangaroo-hickson", "streetAddress": "Hickson Road", "suburb": "Barangaroo", "postcode": "2000", "inCityLga": true, "specialPrecinct": "Barangaroo", "footpathZone": "special" },
  { "id": "beaconsfield-botany", "streetAddress": "Botany Road", "suburb": "Beaconsfield", "postcode": "2015", "inCityLga": true, "specialPrecinct": null, "footpathZone": "local" },
  { "id": "camperdown-parramatta", "streetAddress": "Parramatta Road", "suburb": "Camperdown", "postcode": "2050", "inCityLga": true, "specialPrecinct": null, "footpathZone": "high_street" },
  { "id": "chippendale-cleveland", "streetAddress": "Cleveland Street", "suburb": "Chippendale", "postcode": "2008", "inCityLga": true, "specialPrecinct": null, "footpathZone": "high_street" },
  { "id": "darlinghurst-oxford", "streetAddress": "Oxford Street", "suburb": "Darlinghurst", "postcode": "2010", "inCityLga": true, "specialPrecinct": null, "footpathZone": "high_street" },
  { "id": "darling-point-new-south-head", "streetAddress": "New South Head Road", "suburb": "Darling Point", "postcode": "2027", "inCityLga": true, "specialPrecinct": null, "footpathZone": "local" },
  { "id": "darlinghurst-darlinghurst", "streetAddress": "Darlinghurst Road", "suburb": "Darlinghurst", "postcode": "2010", "inCityLga": true, "specialPrecinct": null, "footpathZone": "high_street" },
  { "id": "darling-harbour-harbourside", "streetAddress": "Harbourside Promenade", "suburb": "Darling Harbour", "postcode": "2000", "inCityLga": true, "specialPrecinct": "Darling Harbour", "footpathZone": "special" },
  { "id": "dawes-point-george", "streetAddress": "George Street", "suburb": "Dawes Point", "postcode": "2000", "inCityLga": true, "specialPrecinct": "The Rocks", "footpathZone": "special" },
  { "id": "east-sydney-burton", "streetAddress": "Burton Street", "suburb": "East Sydney", "postcode": "2010", "inCityLga": true, "specialPrecinct": null, "footpathZone": "local" },
  { "id": "erskineville-erskineville", "streetAddress": "Erskineville Road", "suburb": "Erskineville", "postcode": "2043", "inCityLga": true, "specialPrecinct": null, "footpathZone": "local" },
  { "id": "eveleigh-garden", "streetAddress": "Garden Street", "suburb": "Eveleigh", "postcode": "2015", "inCityLga": true, "specialPrecinct": null, "footpathZone": "local" },
  { "id": "forest-lodge-ross", "streetAddress": "Ross Street", "suburb": "Forest Lodge", "postcode": "2037", "inCityLga": true, "specialPrecinct": null, "footpathZone": "local" },
  { "id": "glebe-glebe-point", "streetAddress": "Glebe Point Road", "suburb": "Glebe", "postcode": "2037", "inCityLga": true, "specialPrecinct": null, "footpathZone": "high_street" },
  { "id": "haymarket-dixon", "streetAddress": "Dixon Street", "suburb": "Haymarket", "postcode": "2000", "inCityLga": true, "specialPrecinct": null, "footpathZone": "city_centre" },
  { "id": "millers-point-kent", "streetAddress": "Kent Street", "suburb": "Millers Point", "postcode": "2000", "inCityLga": true, "specialPrecinct": "The Rocks", "footpathZone": "special" },
  { "id": "moore-park-driver", "streetAddress": "Driver Avenue", "suburb": "Moore Park", "postcode": "2021", "inCityLga": true, "specialPrecinct": null, "footpathZone": "local" },
  { "id": "newtown-king", "streetAddress": "King Street", "suburb": "Newtown", "postcode": "2042", "inCityLga": true, "specialPrecinct": null, "footpathZone": "high_street" },
  { "id": "paddington-oxford", "streetAddress": "Oxford Street", "suburb": "Paddington", "postcode": "2021", "inCityLga": true, "specialPrecinct": null, "footpathZone": "high_street" },
  { "id": "potts-point-macleay", "streetAddress": "Macleay Street", "suburb": "Potts Point", "postcode": "2011", "inCityLga": true, "specialPrecinct": null, "footpathZone": "high_street" },
  { "id": "pyrmont-harris", "streetAddress": "Harris Street", "suburb": "Pyrmont", "postcode": "2009", "inCityLga": true, "specialPrecinct": null, "footpathZone": "high_street" },
  { "id": "redfern-redfern", "streetAddress": "Redfern Street", "suburb": "Redfern", "postcode": "2016", "inCityLga": true, "specialPrecinct": null, "footpathZone": "high_street" },
  { "id": "rosebery-mentmore", "streetAddress": "Mentmore Avenue", "suburb": "Rosebery", "postcode": "2018", "inCityLga": true, "specialPrecinct": null, "footpathZone": "local" },
  { "id": "rushcutters-bayswater", "streetAddress": "Bayswater Road", "suburb": "Rushcutters Bay", "postcode": "2011", "inCityLga": true, "specialPrecinct": null, "footpathZone": "local" },
  { "id": "st-peters-campbell", "streetAddress": "Campbell Street", "suburb": "St Peters", "postcode": "2044", "inCityLga": true, "specialPrecinct": null, "footpathZone": "local" },
  { "id": "surry-hills-crown", "streetAddress": "Crown Street", "suburb": "Surry Hills", "postcode": "2010", "inCityLga": true, "specialPrecinct": null, "footpathZone": "high_street" },
  { "id": "sydney-george", "streetAddress": "George Street", "suburb": "Sydney", "postcode": "2000", "inCityLga": true, "specialPrecinct": null, "footpathZone": "city_centre" },
  { "id": "the-rocks-george", "streetAddress": "George Street", "suburb": "The Rocks", "postcode": "2000", "inCityLga": true, "specialPrecinct": "The Rocks", "footpathZone": "special" },
  { "id": "ultimo-broadway", "streetAddress": "Broadway", "suburb": "Ultimo", "postcode": "2007", "inCityLga": true, "specialPrecinct": null, "footpathZone": "high_street" },
  { "id": "waterloo-allen", "streetAddress": "Allen Street", "suburb": "Waterloo", "postcode": "2017", "inCityLga": true, "specialPrecinct": null, "footpathZone": "local" },
  { "id": "woolloomooloo-forbes", "streetAddress": "Forbes Street", "suburb": "Woolloomooloo", "postcode": "2011", "inCityLga": true, "specialPrecinct": null, "footpathZone": "local" },
  { "id": "zetland-joynton", "streetAddress": "Joynton Avenue", "suburb": "Zetland", "postcode": "2017", "inCityLga": true, "specialPrecinct": null, "footpathZone": "local" }
]
